precision,accuracy,recall,duration
0.8786764705882353,0.88,0.8576388888888888,307.6532213687897
