precision,accuracy,recall,duration
0.7666666666666666,0.7666666666666667,0.7678571428571428,2042.1693291664124
