precision,accuracy,recall,duration
0.71875,0.7166666666666667,0.7109375,2042.1693291664124
