precision,accuracy,recall,duration
0.7986111111111112,0.82,0.8065953654188949,304.673880815506
