precision,accuracy,recall,duration
0.8095238095238095,0.82,0.7780748663101604,304.673880815506
