precision,accuracy,recall,duration
0.8571428571428572,0.88,0.8571428571428572,215.44710874557495
