precision,accuracy,recall,duration
0.8869047619047619,0.9,0.8714285714285714,215.44710874557495
