precision,accuracy,recall,duration
0.7866666666666666,0.7333333333333333,0.7666666666666666,306.27070713043213
