precision,accuracy,recall,duration
0.7333333333333332,0.7333333333333333,0.7833333333333333,306.27070713043213
