best_model_train_loss,best_model_val_loss,best_model_train_acc,best_model_val_acc,best_model_learning_rate,best_model_nb_epoch
0.25915726092126634,0.42529436349868777,0.8972222208976746,0.8083333373069763,0.0010000000474974513,13
