precision,accuracy,recall,duration
0.7092368346944522,0.7083333333333334,0.7066184649610678,3105.913221359253
