precision,accuracy,recall,duration
0.7352941176470589,0.7333333333333333,0.7313681868743047,3105.913221359253
