best_model_train_loss,best_model_val_loss,best_model_train_acc,best_model_val_acc,best_model_learning_rate,best_model_nb_epoch
0.03429762501618825,0.053050470631569625,0.9833333492279053,0.9666666388511658,9.999999747378752e-05,1872
