precision,accuracy,recall,duration
0.8823529411764706,0.8,0.75,311.23028898239136
