precision,accuracy,recall,duration
0.9629629629629629,0.9666666666666667,0.9696969696969697,311.23028898239136
