best_model_train_loss,best_model_val_loss,best_model_train_acc,best_model_val_acc,best_model_learning_rate,best_model_nb_epoch
0.46488180690341524,0.45000316699345905,0.7666666507720947,0.7666666507720947,0.0010000000474974513,177
