precision,accuracy,recall,duration
0.7369420702754036,0.7166666666666667,0.70843776106934,2279.628852367401
