precision,accuracy,recall,duration
0.7829952764656849,0.7833333333333333,0.7836257309941521,2279.628852367401
