precision,accuracy,recall,duration
0.9661763803714586,0.965,0.9644171886537825,6320.187411785126
