precision,accuracy,recall,duration
0.9608072680646691,0.961,0.9613509122043133,6320.187411785126
