precision,accuracy,recall,duration
0.7823148408898901,0.7833333333333333,0.7804195804195804,1717.6219594478607
