precision,accuracy,recall,duration
0.8199760765550239,0.8083333333333333,0.7993006993006992,1717.6219594478607
