best_model_train_loss,best_model_val_loss,best_model_train_acc,best_model_val_acc,best_model_learning_rate,best_model_nb_epoch
0.013079638177528977,0.25876442296347685,0.9940000176429749,0.9355555772781372,0.0010000000474974513,51
