precision,accuracy,recall,duration
0.680577719080708,0.932,0.5451635790050424,998.9370663166046
