precision,accuracy,recall,duration
0.703220752192429,0.9346666666666666,0.5528803418349406,998.9370663166046
