precision,accuracy,recall,duration
0.6998028724303014,0.7,0.697577276524645,2864.378431558609
