precision,accuracy,recall,duration
0.7663239788830231,0.7666666666666667,0.7669172932330827,2864.378431558609
