precision,accuracy,recall,duration
0.8768382352941176,0.9,0.8904761904761904,306.61915946006775
