precision,accuracy,recall,duration
0.8506493506493507,0.86,0.866723259762309,305.23950719833374
