precision,accuracy,recall,duration
0.8500000000000001,0.86,0.8565365025466893,305.23950719833374
